"id","unique_id","country_name","isd_code","alpha_2_code","alpha_3_code","status","created_at","updated_at"
"1","MCC-00001","Albania","355","AL","ALB","0","2024-11-27 11:30:03","2025-01-02 23:00:05"
"2","MCC-00002","Algeria","213","DZ","DZA","1","2024-11-27 11:30:03","2024-11-27 11:30:03"
"3","MCC-00003","Andorra","376","AD","AND","1","2024-11-27 11:30:03","2024-11-27 11:30:03"
"4","MCC-00004","Angola","244","AO","AGO","1","2024-11-27 11:30:03","2024-11-27 11:30:03"
"5","MCC-00005","Antarctica","672","AQ","ATA","1","2024-11-27 11:30:03","2024-11-27 11:30:03"
"6","MCC-00006","Argentina","54","AR","ARG","1","2024-11-27 11:30:03","2024-11-27 11:30:03"
"7","MCC-00007","Armenia","374","AM","ARM","0","2024-11-27 11:30:03","2025-01-02 23:00:05"
"8","MCC-00008","Aruba","297","AW","ABW","1","2024-11-27 11:30:03","2024-11-27 11:30:03"
"9","MCC-00009","Australia","61","AU","AUS","1","2024-11-27 11:30:03","2024-11-27 11:30:03"
"10","MCC-00010","Austria","43","AT","AUT","1","2024-11-27 11:30:03","2024-11-27 11:30:03"
"11","MCC-00011","Azerbaijan","994","AZ","AZE","0","2024-11-27 11:30:04","2025-01-02 23:00:05"
"12","MCC-00012","Bahrain","973","BH","BHR","1","2024-11-27 11:30:04","2024-11-27 11:30:04"
"13","MCC-00013","Bangladesh","880","BD","BGD","1","2024-11-27 11:30:04","2024-11-27 11:30:04"
"14","MCC-00014","Belgium","32","BE","BEL","1","2024-11-27 11:30:04","2024-11-27 11:30:04"
"15","MCC-00015","Belize","501","BZ","BLZ","1","2024-11-27 11:30:04","2024-11-27 11:30:04"
"16","MCC-00016","Benin","229","BJ","BEN","1","2024-11-27 11:30:04","2024-11-27 11:30:04"
"17","MCC-00017","Bhutan","975","BT","BTN","1","2024-11-27 11:30:04","2024-11-27 11:30:04"
"18","MCC-00018","Bolivia","591","BO","BOL","1","2024-11-27 11:30:04","2024-11-27 11:30:04"
"19","MCC-00019","Bosnia and Herzegovina","387","BA","BIH","1","2024-11-27 11:30:04","2024-11-27 11:30:04"
"20","MCC-00020","Botswana","267","BW","BWA","0","2024-11-27 11:30:04","2025-01-02 23:00:05"
"21","MCC-00021","Brazil","55","BR","BRA","1","2024-11-27 11:30:04","2024-11-27 11:30:04"
"22","MCC-00022","Brunei Darussalam","673","BN","BRN","1","2024-11-27 11:30:04","2024-11-27 11:30:04"
"23","MCC-00023","Bulgaria","359","BG","BGR","1","2024-11-27 11:30:04","2024-11-27 11:30:04"
"24","MCC-00024","Burkina Faso","226","BF","BFA","0","2024-11-27 11:30:04","2025-01-02 23:00:05"
"25","MCC-00025","Burma (Republic Of The Union Of Myanmar)","95","MM","MMR","0","2024-11-27 11:30:04","2025-01-02 23:00:05"
"26","MCC-00026","Burundi","257","BI","BDI","0","2024-11-27 11:30:04","2025-01-02 23:00:05"
"27","MCC-00027","Cambodia","855","KH","KHM","0","2024-11-27 11:30:04","2025-01-02 23:00:05"
"28","MCC-00028","Cameroon","237","CM","CMR","1","2024-11-27 11:30:04","2024-11-27 11:30:04"
"29","MCC-00029","Canada","1","CA","CAN","1","2024-11-27 11:30:04","2024-11-27 11:30:04"
"30","MCC-00030","Cape Verde","238","CV","CPV","1","2024-11-27 11:30:04","2024-11-27 11:30:04"
"31","MCC-00031","Chad","235","TD","TCD","1","2024-11-27 11:30:04","2024-11-27 11:30:04"
"32","MCC-00032","Chile","56","CL","CHL","1","2024-11-27 11:30:04","2024-11-27 11:30:04"
"33","MCC-00033","Christmas Island","618","CX","CXR","1","2024-11-27 11:30:04","2024-11-27 11:30:04"
"34","MCC-00034","Cocos Keeling Islands","618","CC","CCK","1","2024-11-27 11:30:04","2024-11-27 11:30:04"
"35","MCC-00035","Colombia","57","CO","COL","1","2024-11-27 11:30:04","2024-11-27 11:30:04"
"36","MCC-00036","Comoros","269","KM","COM","1","2024-11-27 11:30:04","2024-11-27 11:30:04"
"37","MCC-00037","Congo","242","CD","COG","1","2024-11-27 11:30:04","2024-11-27 11:30:04"
"38","MCC-00038","Cook Islands","682","CK","COK","1","2024-11-27 11:30:04","2024-11-27 11:30:04"
"39","MCC-00039","Costa Rica","506","CR","CRI","1","2024-11-27 11:30:04","2024-11-27 11:30:04"
"40","MCC-00040","Cote d' Ivoire","225","CI","CIV","1","2024-11-27 11:30:04","2024-11-27 11:30:04"
"41","MCC-00041","Croatia","385","HR","HRV","1","2024-11-27 11:30:04","2024-11-27 11:30:04"
"42","MCC-00042","Cyprus","357","CY","CYP","1","2024-11-27 11:30:04","2024-11-27 11:30:04"
"43","MCC-00043","Czech Republic","420","CZ","CZE","1","2024-11-27 11:30:04","2024-11-27 11:30:04"
"44","MCC-00044","Denmark","45","DK","DNK","1","2024-11-27 11:30:04","2024-11-27 11:30:04"
"45","MCC-00045","Djibouti","253","DJ","DJI","1","2024-11-27 11:30:04","2024-11-27 11:30:04"
"46","MCC-00046","Ecuador","593","EC","ECU","1","2024-11-27 11:30:04","2024-11-27 11:30:04"
"47","MCC-00047","Egypt","20","EG","EGY","1","2024-11-27 11:30:04","2024-11-27 11:30:04"
"48","MCC-00048","El Salvador","503","SV","SLV","1","2024-11-27 11:30:04","2024-11-27 11:30:04"
"49","MCC-00049","Equatorial Guinea","240","GQ","GNQ","1","2024-11-27 11:30:04","2024-11-27 11:30:04"
"50","MCC-00050","Eritrea","291","ER","ERI","1","2024-11-27 11:30:04","2024-11-27 11:30:04"
"51","MCC-00051","Estonia","372","EE","EST","1","2024-11-27 11:30:04","2024-11-27 11:30:04"
"52","MCC-00052","Falkland Islands Malvinas","500","FK","FLK","1","2024-11-27 11:30:04","2024-11-27 11:30:04"
"53","MCC-00053","Faroe Islands","298","FO","FRO","1","2024-11-27 11:30:04","2024-11-27 11:30:04"
"54","MCC-00054","Fiji","679","FJ","FJI","1","2024-11-27 11:30:04","2024-11-27 11:30:04"
"55","MCC-00055","Finland","358","FI","FIN","1","2024-11-27 11:30:04","2024-11-27 11:30:04"
"56","MCC-00056","France","33","FR","FRA","1","2024-11-27 11:30:04","2024-11-27 11:30:04"
"57","MCC-00057","French Polynesia","689","PF","PYF","1","2024-11-27 11:30:04","2024-11-27 11:30:04"
"58","MCC-00058","Gabon","241","GA","GAB","1","2024-11-27 11:30:04","2024-11-27 11:30:04"
"59","MCC-00059","Gambia","220","GM","GMB","1","2024-11-27 11:30:04","2024-11-27 11:30:04"
"60","MCC-00060","Georgia","995","GE","GEO","1","2024-11-27 11:30:04","2024-11-27 11:30:04"
"61","MCC-00061","Germany","49","DE","DEU","1","2024-11-27 11:30:04","2024-11-27 11:30:04"
"62","MCC-00062","Ghana","233","GH","GHA","0","2024-11-27 11:30:04","2025-01-02 23:00:05"
"63","MCC-00063","Gibraltar","350","GI","GIB","1","2024-11-27 11:30:04","2024-11-27 11:30:04"
"64","MCC-00064","Greece","30","GR","GRC","1","2024-11-27 11:30:04","2024-11-27 11:30:04"
"65","MCC-00065","Greenland","299","GL","GRL","1","2024-11-27 11:30:04","2024-11-27 11:30:04"
"66","MCC-00066","Guatemala","502","GT","GTM","1","2024-11-27 11:30:04","2024-11-27 11:30:04"
"67","MCC-00067","Guinea","224","GN","GIN","0","2024-11-27 11:30:04","2025-01-02 23:00:05"
"68","MCC-00068","Guinea-Bissau","245","GW","GNB","0","2024-11-27 11:30:04","2025-01-02 23:00:05"
"69","MCC-00069","Guyana","592","GY","GUY","1","2024-11-27 11:30:04","2024-11-27 11:30:04"
"70","MCC-00070","Haiti","509","HT","HTI","0","2024-11-27 11:30:04","2025-01-02 23:00:05"
"71","MCC-00071","Holy See Vatican City State","379","VA","VAT","1","2024-11-27 11:30:04","2024-11-27 11:30:04"
"72","MCC-00072","Honduras","504","HN","HND","1","2024-11-27 11:30:04","2024-11-27 11:30:04"
"73","MCC-00073","Hong Kong","852","HK","HKG","1","2024-11-27 11:30:04","2024-11-27 11:30:04"
"74","MCC-00074","Hungary","36","HU","HUN","1","2024-11-27 11:30:04","2024-11-27 11:30:04"
"75","MCC-00075","Iceland","354","IS","ISL","1","2024-11-27 11:30:04","2024-11-27 11:30:04"
"76","MCC-00076","India","91","IN","IND","1","2024-11-27 11:30:04","2025-01-02 23:00:05"
"77","MCC-00077","Indonesia","62","ID","IDN","1","2024-11-27 11:30:04","2024-11-27 11:30:04"
"78","MCC-00078","Ireland","353","IE","IRL","1","2024-11-27 11:30:04","2024-11-27 11:30:04"
"79","MCC-00079","Israel","972","IL","ISR","1","2024-11-27 11:30:04","2024-11-27 11:30:04"
"80","MCC-00080","Italy","39","IT","ITA","1","2024-11-27 11:30:04","2024-11-27 11:30:04"
"81","MCC-00081","Japan","81","JP","JPN","0","2024-11-27 11:30:04","2025-01-02 23:00:05"
"82","MCC-00082","Jordan","962","JO","JOR","0","2024-11-27 11:30:04","2025-01-02 23:00:05"
"83","MCC-00083","Kazakhstan","997","KZ","KAZ","0","2024-11-27 11:30:04","2025-01-02 23:00:05"
"84","MCC-00084","Kenya","254","KE","KEN","1","2024-11-27 11:30:04","2024-11-27 11:30:04"
"85","MCC-00085","Kiribati","686","KI","KIR","1","2024-11-27 11:30:04","2024-11-27 11:30:04"
"86","MCC-00086","Korea, Republic of","82","KR","KOR","1","2024-11-27 11:30:04","2024-11-27 11:30:04"
"87","MCC-00087","Kosovo","383","UN","XKX","1","2024-11-27 11:30:04","2024-11-27 11:30:04"
"88","MCC-00088","Kuwait","965","KW","KWT","1","2024-11-27 11:30:04","2024-11-27 11:30:04"
"89","MCC-00089","Kyrgyzstan","996","KG","KGZ","0","2024-11-27 11:30:04","2025-01-02 23:00:05"
"90","MCC-00090","Laos","856","LA","LAO","1","2024-11-27 11:30:04","2024-11-27 11:30:04"
"91","MCC-00091","Latvia","371","LV","LVA","1","2024-11-27 11:30:04","2024-11-27 11:30:04"
"92","MCC-00092","Lebanon","961","LB","LBN","1","2024-11-27 11:30:04","2024-11-27 11:30:04"
"93","MCC-00093","Lesotho","266","LS","LSO","1","2024-11-27 11:30:04","2024-11-27 11:30:04"
"94","MCC-00094","Liberia","231","LR","LBR","1","2024-11-27 11:30:04","2024-11-27 11:30:04"
"95","MCC-00095","Liechtenstein","423","LI","LIE","1","2024-11-27 11:30:04","2024-11-27 11:30:04"
"96","MCC-00096","Lithuania","370","LT","LTU","1","2024-11-27 11:30:04","2024-11-27 11:30:04"
"97","MCC-00097","Luxembourg","352","LU","LUX","1","2024-11-27 11:30:04","2024-11-27 11:30:04"
"98","MCC-00098","Macao","853","MO","MAC","1","2024-11-27 11:30:04","2024-11-27 11:30:04"
"99","MCC-00099","Macedonia Republic of","389","MK","MKD","1","2024-11-27 11:30:04","2024-11-27 11:30:04"
"100","MCC-00100","Madagascar","261","MG","MDG","1","2024-11-27 11:30:04","2024-11-27 11:30:04"
"101","MCC-00101","Malawi","265","MW","MWI","1","2024-11-27 11:30:04","2024-11-27 11:30:04"
"102","MCC-00102","Malaysia","60","MY","MYS","1","2024-11-27 11:30:04","2024-11-27 11:30:04"
"103","MCC-00103","Maldives","960","MV","MDV","1","2024-11-27 11:30:04","2024-11-27 11:30:04"
"104","MCC-00104","Malta","356","MT","MLT","1","2024-11-27 11:30:04","2024-11-27 11:30:04"
"105","MCC-00105","Marshall Islands","692","MH","MHL","1","2024-11-27 11:30:04","2024-11-27 11:30:04"
"106","MCC-00106","Mauritania","222","MR","MRT","1","2024-11-27 11:30:04","2024-11-27 11:30:04"
"107","MCC-00107","Mauritius","230","MU","MUS","1","2024-11-27 11:30:04","2024-11-27 11:30:04"
"108","MCC-00108","Mayotte","262","YT","MYT","1","2024-11-27 11:30:04","2024-11-27 11:30:04"
"109","MCC-00109","Mexico","52","MX","MEX","1","2024-11-27 11:30:04","2024-11-27 11:30:04"
"110","MCC-00110","Micronesia Federated States ","691","FM","FSM","1","2024-11-27 11:30:04","2024-11-27 11:30:04"
"111","MCC-00111","Moldova","373","MD","MDA","0","2024-11-27 11:30:04","2025-01-02 23:00:05"
"112","MCC-00112","Monaco","377","MC","MCO","1","2024-11-27 11:30:04","2024-11-27 11:30:04"
"113","MCC-00113","Mongolia","976","MN","MNG","1","2024-11-27 11:30:04","2024-11-27 11:30:04"
"114","MCC-00114","Montenegro","382","ME","MNE","1","2024-11-27 11:30:04","2024-11-27 11:30:04"
"115","MCC-00115","Morocco","212","MA","MAR","0","2024-11-27 11:30:04","2025-01-02 23:00:05"
"116","MCC-00116","Mozambique","258","MZ","MOZ","0","2024-11-27 11:30:04","2025-01-02 23:00:05"
"117","MCC-00117","Namibia","264","NA","NAM","1","2024-11-27 11:30:04","2024-11-27 11:30:04"
"118","MCC-00118","Nauru","674","NR","NRU","1","2024-11-27 11:30:04","2024-11-27 11:30:04"
"119","MCC-00119","Nepal","977","NP","NPL","1","2024-11-27 11:30:04","2024-11-27 11:30:04"
"120","MCC-00120","Netherlands","31","NL","NLD","1","2024-11-27 11:30:04","2024-11-27 11:30:04"
"121","MCC-00121","Netherlands Antilles","599","AN","ANT","1","2024-11-27 11:30:04","2024-11-27 11:30:04"
"122","MCC-00122","New Caledonia","687","NC","NCL","1","2024-11-27 11:30:04","2024-11-27 11:30:04"
"123","MCC-00123","New Zealand","64","NZ","NZL","1","2024-11-27 11:30:04","2024-11-27 11:30:04"
"124","MCC-00124","Niger","227","NE","NER","1","2024-11-27 11:30:04","2024-11-27 11:30:04"
"125","MCC-00125","Nigeria","234","NG","NGA","1","2024-11-27 11:30:04","2024-11-27 11:30:04"
"126","MCC-00126","Niue","683","NU","NIU","1","2024-11-27 11:30:04","2024-11-27 11:30:04"
"127","MCC-00127","Norway","47","NO","NOR","1","2024-11-27 11:30:04","2024-11-27 11:30:04"
"128","MCC-00128","Oman","968","OM","OMN","1","2024-11-27 11:30:04","2024-11-27 11:30:04"
"129","MCC-00129","Pakistan","92","PK","PAK","0","2024-11-27 11:30:04","2025-01-02 23:00:05"
"130","MCC-00130","Palau","680","PW","PLW","1","2024-11-27 11:30:04","2024-11-27 11:30:04"
"131","MCC-00131","Palestinian Territory","970","PS","PSE","1","2024-11-27 11:30:04","2024-11-27 11:30:04"
"132","MCC-00132","Panama","507","PA","PAN","0","2024-11-27 11:30:04","2025-01-02 23:00:05"
"133","MCC-00133","Papua New Guinea","675","PG","PNG","1","2024-11-27 11:30:04","2024-11-27 11:30:04"
"134","MCC-00134","Paraguay","595","PY","PRY","1","2024-11-27 11:30:04","2024-11-27 11:30:04"
"135","MCC-00135","Peru","51","PE","PER","1","2024-11-27 11:30:04","2024-11-27 11:30:04"
"136","MCC-00136","Philippines","63","PH","PHL","0","2024-11-27 11:30:04","2025-01-02 23:00:05"
"137","MCC-00137","Pitcairn","870","PN","PCN","1","2024-11-27 11:30:04","2024-11-27 11:30:04"
"138","MCC-00138","Poland","48","PL","POL","1","2024-11-27 11:30:04","2024-11-27 11:30:04"
"139","MCC-00139","Portugal","351","PT","PRT","1","2024-11-27 11:30:04","2024-11-27 11:30:04"
"140","MCC-00140","Qatar","974","QA","QAT","1","2024-11-27 11:30:04","2024-11-27 11:30:04"
"141","MCC-00141","Reunion","262","RE","REU","1","2024-11-27 11:30:04","2024-11-27 11:30:04"
"142","MCC-00142","Romania","40","RO","ROU","1","2024-11-27 11:30:04","2024-11-27 11:30:04"
"143","MCC-00143","Russian Federation","7","RU","RUS","0","2024-11-27 11:30:04","2025-01-02 23:00:05"
"144","MCC-00144","Rwanda","250","RW","RWA","1","2024-11-27 11:30:04","2024-11-27 11:30:04"
"145","MCC-00145","Saint Barthelemy","590","BL","BLM","1","2024-11-27 11:30:04","2024-11-27 11:30:04"
"146","MCC-00146","Saint Martin French Part","590","MF","MAF","1","2024-11-27 11:30:04","2024-11-27 11:30:04"
"147","MCC-00147","Samoa","685","WS","WSM","1","2024-11-27 11:30:04","2024-11-27 11:30:04"
"148","MCC-00148","San Marino","378","SM","SMR","1","2024-11-27 11:30:04","2024-11-27 11:30:04"
"149","MCC-00149","Sao Tome and Principe","239","ST","STP","1","2024-11-27 11:30:04","2024-11-27 11:30:04"
"150","MCC-00150","Saudi Arabia","966","SA","SAU","1","2024-11-27 11:30:04","2024-11-27 11:30:04"
"151","MCC-00151","Senegal","221","SN","SEN","0","2024-11-27 11:30:04","2025-01-02 23:00:05"
"152","MCC-00152","Serbia","381","RS","SRB","1","2024-11-27 11:30:04","2024-11-27 11:30:04"
"153","MCC-00153","Seychelles","248","SC","SYC","1","2024-11-27 11:30:04","2024-11-27 11:30:04"
"154","MCC-00154","Sierra Leone","232","SL","SLE","1","2024-11-27 11:30:05","2024-11-27 11:30:05"
"155","MCC-00155","Singapore","65","SG","SGP","1","2024-11-27 11:30:05","2024-11-27 11:30:05"
"156","MCC-00156","Slovakia","421","SK","SVK","1","2024-11-27 11:30:05","2024-11-27 11:30:05"
"157","MCC-00157","Slovenia","386","SI","SVN","1","2024-11-27 11:30:05","2024-11-27 11:30:05"
"158","MCC-00158","Solomon Islands","677","SB","SLB","1","2024-11-27 11:30:05","2024-11-27 11:30:05"
"159","MCC-00159","South Africa","27","ZA","ZAF","1","2024-11-27 11:30:05","2024-11-27 11:30:05"
"160","MCC-00160","Spain","34","ES","ESP","1","2024-11-27 11:30:05","2025-06-13 22:11:24"
"161","MCC-00161","Sri Lanka","94","LK","LKA","1","2024-11-27 11:30:05","2024-11-27 11:30:05"
"162","MCC-00162","St. Helena","290","SH","SHN","1","2024-11-27 11:30:05","2025-06-13 22:11:24"
"163","MCC-00163","Suriname","597","SR","SUR","1","2024-11-27 11:30:05","2024-11-27 11:30:05"
"164","MCC-00164","Svalbard and Jan Mayen Islands","47","SJ","SJM","1","2024-11-27 11:30:05","2024-11-27 11:30:05"
"165","MCC-00165","Swaziland","268","SZ","SWZ","1","2024-11-27 11:30:05","2024-11-27 11:30:05"
"166","MCC-00166","Sweden","46","SE","SWE","1","2024-11-27 11:30:05","2024-11-27 11:30:05"
"167","MCC-00167","Switzerland","41","CH","CHE","1","2024-11-27 11:30:05","2024-11-27 11:30:05"
"168","MCC-00168","Taiwan","886","TW","TWN","1","2024-11-27 11:30:05","2024-11-27 11:30:05"
"169","MCC-00169","Tajikistan","992","TJ","TJK","0","2024-11-27 11:30:05","2025-01-02 23:00:05"
"170","MCC-00170","Tanzania United Republic of","255","TZ","TZA","0","2024-11-27 11:30:05","2025-01-02 23:00:05"
"171","MCC-00171","Thailand","66","TH","THA","1","2024-11-27 11:30:05","2024-11-27 11:30:05"
"172","MCC-00172","Timor Leste","670","TL","TLS","1","2024-11-27 11:30:05","2024-11-27 11:30:05"
"173","MCC-00173","Togo","228","TG","TGO","1","2024-11-27 11:30:05","2024-11-27 11:30:05"
"174","MCC-00174","Tokelau","690","TK","TKL","1","2024-11-27 11:30:05","2024-11-27 11:30:05"
"175","MCC-00175","Tonga","676","TO","TON","1","2024-11-27 11:30:05","2024-11-27 11:30:05"
"176","MCC-00176","Tunisia","216","TN","TUN","0","2024-11-27 11:30:05","2025-01-02 23:00:05"
"177","MCC-00177","Turkey","90","TR","TUR","0","2024-11-27 11:30:05","2025-01-02 23:00:05"
"178","MCC-00178","Turkmenistan","993","TM","TKM","0","2024-11-27 11:30:05","2025-01-02 23:00:05"
"179","MCC-00179","Tuvalu","688","TV","TUV","1","2024-11-27 11:30:05","2024-11-27 11:30:05"
"180","MCC-00180","Uganda","256","UG","UGA","0","2024-11-27 11:30:05","2025-01-02 23:00:05"
"181","MCC-00181","Ukraine","380","UA","UKR","0","2024-11-27 11:30:05","2025-01-02 23:00:05"
"182","MCC-00182","United Arab Emirates","971","AE","ARE","1","2024-11-27 11:30:05","2024-11-27 11:30:05"
"183","MCC-00183","United Kingdom","44","GB","GBR","1","2024-11-27 11:30:05","2024-11-27 11:30:05"
"184","MCC-00184","United States","1","US","USA","0","2024-11-27 11:30:05","2025-01-02 23:00:05"
"185","MCC-00185","Uruguay","598","UY","URY","1","2024-11-27 11:30:05","2024-11-27 11:30:05"
"186","MCC-00186","Uzbekistan","998","UZ","UZB","0","2024-11-27 11:30:05","2025-01-02 23:00:05"
"187","MCC-00187","Vanuatu","678","VU","VUT","0","2024-11-27 11:30:05","2025-01-02 23:00:05"
"188","MCC-00188","Venezuela","379","YV","VEN","0","2024-11-27 11:30:05","2025-01-02 23:00:05"
"189","MCC-00189","Vietnam","84","VN","VNM","1","2024-11-27 11:30:05","2024-11-27 11:30:05"
"190","MCC-00190","Wallis and Futuna Islands","681","WF","WLF","1","2024-11-27 11:30:05","2024-11-27 11:30:05"
"191","MCC-00191","Western Sahara","212","EH","ESH","1","2024-11-27 11:30:05","2024-11-27 11:30:05"
"192","MCC-00192","Yemen","967","YE","YEM","0","2024-11-27 11:30:05","2025-01-02 23:00:05"
"193","MCC-00193","Zambia","260","ZM","ZMB","1","2024-11-27 11:30:05","2024-11-27 11:30:05"
"194","MCC-00194","Zimbabwe","263","ZW","ZWE","1","2024-11-27 11:30:05","2025-04-04 11:12:44"
